type, client, tx, amount
deposit, 35978, 1, 875.2435056248388
deposit, 58598, 2, 891.4498226271392
withdrawal, 23187, 3, 137.41555387524838
deposit, 17526, 4, 546.5741662461076
deposit, 17438, 5, 321.63277882430856
withdrawal, 39469, 6, 53.552614743478635
deposit, 62104, 7, 102.2511559180806
dispute, 62104, 7
chargeback, 62104, 7